[
  {
    "ID": 1,
    "Name": "Mukhtor Eshboyev",
    "Position": "Team Leader",
    "Hobby": "Reading Books",
    "Salary": 1200,
    "Company": "EPAM SYSTEMS"
  },
  {
    "ID": 2,
    "Name": "Nicola",
    "Position": "Software Developer",
    "Hobby": "Chess",
    "Salary": 1000,
    "Company": "KDB Bank"
  },
  {
    "ID": 3,
    "Name": "Alisa",
    "Position": "Adminstrator",
    "Hobby": "Cooking",
    "Salary": 700,
    "Company": "PDP Academy"
  },
  {
    "ID": 4,
    "Name": "Albert",
    "Position": "DEVOS",
    "Hobby": "Playing Football",
    "Salary": 1300,
    "Company": "MicroSoft"
  },
  {
    "ID": 5,
    "Name": "Lali",
    "Position": "Marketolog",
    "Hobby": "Turism",
    "Salary": 800,
    "Company": "IT PARK"
  }
]